{
  "id": "/subscriptions/c0708d46-1f7a-461e-9b2a-e38922504692/resourceGroups/learn-c930a449-3daf-40a2-a6ed-2f2dc5d0a516/providers/Microsoft.Resources/deployments/Microsoft.Web-WebApp-Portal-a5dbddae-8946",
  "name": "Microsoft.Web-WebApp-Portal-a5dbddae-8946",
  "type": "Microsoft.Resources/deployments",
  "tags": {
    "primaryResourceId": "/subscriptions/c0708d46-1f7a-461e-9b2a-e38922504692/resourcegroups/learn-c930a449-3daf-40a2-a6ed-2f2dc5d0a516/providers/Microsoft.Web/sites/kgrcet",
    "marketplaceItemId": "Microsoft.WebSite"
  },
  "properties": {
    "templateHash": "4883191733679320624",
    "parameters": {
      "subscriptionId": {
        "type": "String",
        "value": "c0708d46-1f7a-461e-9b2a-e38922504692"
      },
      "name": {
        "type": "String",
        "value": "kgrcet"
      },
      "location": {
        "type": "String",
        "value": "Central US"
      },
      "hostingPlanName": {
        "type": "String",
        "value": "kkt"
      },
      "serverFarmResourceGroup": {
        "type": "String",
        "value": "learn-c930a449-3daf-40a2-a6ed-2f2dc5d0a516"
      },
      "alwaysOn": {
        "type": "Bool",
        "value": false
      },
      "sku": {
        "type": "String",
        "value": "Free"
      },
      "skuCode": {
        "type": "String",
        "value": "F1"
      },
      "workerSize": {
        "type": "String",
        "value": "0"
      },
      "workerSizeId": {
        "type": "String",
        "value": "0"
      },
      "numberOfWorkers": {
        "type": "String",
        "value": "1"
      },
      "linuxFxVersion": {
        "type": "String",
        "value": "NODE|14-lts"
      }
    },
    "mode": "Incremental",
    "debugSetting": {
      "detailLevel": "None"
    },
    "provisioningState": "Running",
    "timestamp": "2021-02-02T08:56:37.7583851Z",
    "duration": "PT4.7111112S",
    "correlationId": "14b35f8c-144e-41f6-929a-d67b5a13fbb4",
    "providers": [
      {
        "namespace": "Microsoft.Web",
        "resourceTypes": [
          {
            "resourceType": "sites",
            "locations": [
              "centralus"
            ]
          },
          {
            "resourceType": "serverfarms",
            "locations": [
              "centralus"
            ]
          }
        ]
      }
    ],
    "dependencies": [
      {
        "dependsOn": [
          {
            "id": "/subscriptions/c0708d46-1f7a-461e-9b2a-e38922504692/resourceGroups/learn-c930a449-3daf-40a2-a6ed-2f2dc5d0a516/providers/Microsoft.Web/serverfarms/kkt",
            "resourceType": "Microsoft.Web/serverfarms",
            "resourceName": "kkt"
          }
        ],
        "id": "/subscriptions/c0708d46-1f7a-461e-9b2a-e38922504692/resourceGroups/learn-c930a449-3daf-40a2-a6ed-2f2dc5d0a516/providers/Microsoft.Web/sites/kgrcet",
        "resourceType": "Microsoft.Web/sites",
        "resourceName": "kgrcet"
      }
    ],
    "validationLevel": "Template"
  }
}